t,spread,adverse_selection,inventory,net
0,0.08615904687445959,-0.0,-8.311348276375843e-05,0.08607593339169584
1,0.14707178565169637,-0.0,-8.311348276375843e-05,0.1469886721689326
2,0.264969946541061,-0.0,-8.311348276375843e-05,0.2648868330582972
3,0.2921415163246376,-0.0,-0.005450315958574378,0.28669120036606316
4,0.3168201144255984,-0.0,-0.005450315958574378,0.31136979846702395
5,0.38012518563757824,-0.0,-0.013195564403074761,0.36692962123450346
6,0.47425999903774296,-0.0,-0.013195564403074761,0.4610644346346682
7,0.566020963564689,-0.0,-0.020760773549443085,0.545260190015246
8,0.5818791616295044,-0.0004486964219944213,-0.021209469971437505,0.5602209952360725
9,0.6798760819290487,-0.0004486964219944213,-0.021209469971437505,0.6582179155356168
10,0.7485287593063052,-0.0004486964219944213,-0.021209469971437505,0.7268705929128734
11,0.8366108268325302,-0.0004486964219944213,-0.021209469971437505,0.8149526604390983
12,0.9276811211639144,-0.0004486964219944213,-0.033891674865936805,0.8933407498759833
13,1.002187802693109,-0.004327515118350112,-0.033891674865936805,0.9639686127088223
14,1.0385103927287784,-0.004327515118350112,-0.033891674865936805,1.0002912027444917
15,1.066914414373833,-0.02084763617815074,-0.05041179592573743,0.9956549822699449
16,1.1967628442774414,-0.02084763617815074,-0.055027556605295284,1.1208876514939956
17,1.2879647198427102,-0.02084763617815074,-0.0609605765949288,1.206156507069631
18,1.315691362254809,-0.0464448319517705,-0.0609605765949288,1.2082859537081099
19,1.363786933249932,-0.0464448319517705,-0.0609605765949288,1.2563815247032328
20,1.416108576351455,-0.0464448319517705,-0.0609605765949288,1.3087031678047558
21,1.4312128226225704,-0.0464448319517705,-0.0609605765949288,1.3238074140758713
22,1.520563041649712,-0.0464448319517705,-0.06909282847674718,1.4050253812211946
23,1.5373494003548118,-0.0464448319517705,-0.07232146995894416,1.4185830984440972
24,1.6215700407139766,-0.0464448319517705,-0.07232146995894416,1.502803738803262
25,1.7507472748971344,-0.0464448319517705,-0.09352401803495435,1.6107784249104098
26,1.788210039510149,-0.0464448319517705,-0.09606578197591122,1.6456994255824673
27,1.815077835177323,-0.05055081832454557,-0.09606578197591122,1.668461234876866
28,1.8499983960599464,-0.05055081832454557,-0.10791216223727843,1.6915354154981221
29,1.9706290928127161,-0.05055081832454557,-0.10791216223727843,1.8121661122508919
30,2.0421185808916054,-0.06044116758763418,-0.11780251150036704,1.8638749018036038
31,2.1385577704106735,-0.07225046905405116,-0.11780251150036704,1.9485047898562549
32,2.202427622926828,-0.07225046905405116,-0.1364428842609435,1.9937342696118328
33,2.2201280204609057,-0.07225046905405116,-0.14352652944989971,2.0043510219569542
34,2.2528248229240613,-0.07225046905405116,-0.14352652944989971,2.03704782442011
35,2.3375888846204074,-0.07225046905405116,-0.14352652944989971,2.121811886116456
36,2.359338987411854,-0.08939501775532496,-0.14352652944989971,2.126417440206629
37,2.437568934997304,-0.08939501775532496,-0.14352652944989971,2.204647387792079
38,2.4788025379193885,-0.08939501775532496,-0.14352652944989971,2.2458809907141633
39,2.5200212720535764,-0.08939501775532496,-0.1445593053965993,2.2860669489016514
40,2.64241735222568,-0.08939501775532496,-0.1445593053965993,2.408463029073755
41,2.656082940932731,-0.11129433575795605,-0.1664586233992304,2.378329981775544
42,2.7289303390155606,-0.12205923534842443,-0.1664586233992304,2.4404124802679052
43,2.7942954680775998,-0.12205923534842443,-0.18073582279419917,2.491500409934976
44,2.861573455615178,-0.1340265992668322,-0.19270318671260692,2.534843669635739
45,2.9458270271753024,-0.1340265992668322,-0.204260573729596,2.6075398541788744
46,2.979769313088839,-0.1340265992668322,-0.2052574807436709,2.640485233078336
47,3.1016786323561623,-0.1340265992668322,-0.21103892413650976,2.7566131089528207
48,3.2308707668675742,-0.1340265992668322,-0.21103892413650976,2.8858052434642327
49,3.318411519482032,-0.1340265992668322,-0.21103892413650976,2.9733459960786903
50,3.391805164739966,-0.1467391057194326,-0.22375143058911018,3.0213146284314236
51,3.4263921720089803,-0.16989339354514593,-0.22375143058911018,3.0327473478747247
52,3.573832549459628,-0.16989339354514593,-0.24035769545689778,3.1635814604575847
53,3.593087190159237,-0.16989339354514593,-0.24035769545689778,3.1828361011571937
54,3.6562115809870495,-0.2188209980998533,-0.28928530001160513,3.148105282875591
55,3.6761243505063828,-0.23409867915968569,-0.28928530001160513,3.152740371335092
56,3.7117783084186855,-0.23409867915968569,-0.29114993618800933,3.186529693070991
57,3.765700833248298,-0.25590123183005736,-0.312952488858381,3.19684711255986
58,3.812168155644194,-0.26140093911400225,-0.312952488858381,3.237814727671811
59,3.8661689090931595,-0.26140093911400225,-0.312952488858381,3.2918154811207763
60,3.9852918401340216,-0.26140093911400225,-0.312952488858381,3.4109384121616384
61,4.023313561712728,-0.26140093911400225,-0.32545022444490046,3.436462398153825
62,4.049944180248424,-0.2717005616976694,-0.32545022444490046,3.4527933941058544
63,4.087464747975021,-0.2717005616976694,-0.3449784591709092,3.470785727106443
64,4.160632130278373,-0.2717005616976694,-0.35339710673312946,3.535534461847574
65,4.215873368774257,-0.2717005616976694,-0.35339710673312946,3.5907757003434586
66,4.250332301288041,-0.28467095806956133,-0.3663675031050214,3.599293840113459
67,4.332655331770688,-0.3279489169692064,-0.3663675031050214,3.638338911696461
68,4.349578199289694,-0.3279489169692064,-0.3663675031050214,3.655261779215467
69,4.393894412738815,-0.3279489169692064,-0.3663675031050214,3.6995779926645884
70,4.418070893499751,-0.3279489169692064,-0.36845435775499075,3.721667618775555
71,4.47383761873109,-0.3486095154010405,-0.38911495618682485,3.7361131471432256
72,4.486079650475383,-0.3486095154010405,-0.39026987361334187,3.7472002614610016
73,4.514017651394183,-0.3486095154010405,-0.39684542910201986,3.7685627068911236
74,4.624996825612184,-0.3486095154010405,-0.39684542910201986,3.8795418811091253
75,4.638128964029265,-0.36100012804925846,-0.4092360417502378,3.8678927942297707
76,4.674949921541615,-0.36100012804925846,-0.42784386727488893,3.886105926217469
77,4.713736474963697,-0.36100012804925846,-0.43549142235663685,3.917244924557803
78,4.763471110181269,-0.376906234480288,-0.45139752878766637,3.935167346913316
79,4.883434516100962,-0.376906234480288,-0.4896972034895762,4.0168310781311005
80,4.895448638177283,-0.38393748919545667,-0.49672845820474487,4.014782690777083
81,5.038799670017356,-0.38393748919545667,-0.49672845820474487,4.158133722617157
82,5.086143723777643,-0.38393748919545667,-0.505992500829393,4.196213733752796
83,5.184766091061573,-0.38393748919545667,-0.5196962838431723,4.281132318022946
84,5.251385371272021,-0.4347202376301699,-0.5196962838431723,4.296968849798681
85,5.342511583565908,-0.4347202376301699,-0.5196962838431723,4.388095062092567
86,5.419067272626115,-0.4347202376301699,-0.5289174742073275,4.455429560788619
87,5.500428277065169,-0.4347202376301699,-0.5289174742073275,4.536790565227673
88,5.551606562531875,-0.4347202376301699,-0.5289174742073275,4.587968850694379
89,5.574040460888234,-0.48082302071300775,-0.5289174742073275,4.5642999659679
90,5.606529168829224,-0.48082302071300775,-0.5289174742073275,4.59678867390889
91,5.645389765911795,-0.48082302071300775,-0.5300472413374328,4.634519503861356
92,5.7441019744592055,-0.48082302071300775,-0.5300472413374328,4.733231712408767
93,5.857577936663453,-0.48082302071300775,-0.5300472413374328,4.846707674613014
94,5.871114598387,-0.48082302071300775,-0.5300472413374328,4.860244336336561
95,5.961810387875766,-0.4832267671478614,-0.5300472413374328,4.9485363793904735
96,6.108566296354624,-0.4832267671478614,-0.5405113843521611,5.084828144854603
97,6.139186156209583,-0.4832267671478614,-0.551211792714819,5.104747596346903
98,6.241910563302838,-0.5351524214367662,-0.551211792714819,5.155546349151253
99,6.3165935510098485,-0.5351524214367662,-0.5539177082672582,5.227523421305824
100,6.360176726715382,-0.5351524214367662,-0.5539177082672582,5.271106597011357
101,6.464724901122436,-0.5351524214367662,-0.5539177082672582,5.375654771418411
102,6.515955720121017,-0.5818726229713636,-0.5539177082672582,5.380165388882395
103,6.562233656832339,-0.5818726229713636,-0.5544127669247226,5.425948266936252
104,6.597120521695756,-0.5818726229713636,-0.560554547658232,5.45469335106616
105,6.638361502594864,-0.5863493370463517,-0.560554547658232,5.491457617890279
106,6.7442601435799165,-0.6360696126655777,-0.610274823277458,5.49791570763688
107,6.761874481045719,-0.6360696126655777,-0.610274823277458,5.5155300451026825
108,6.8265185837464015,-0.6360696126655777,-0.610274823277458,5.580174147803365
109,6.958113032221616,-0.6360696126655777,-0.649370011482723,5.672673408073313
110,6.97849439162333,-0.6360696126655777,-0.6537377342235972,5.688687044734153
111,7.077054744339599,-0.6360696126655777,-0.6564086482225121,5.784576483451508
112,7.11851036958898,-0.6360696126655777,-0.6564086482225121,5.826032108700889
113,7.16796591329739,-0.6360696126655777,-0.6564086482225121,5.875487652409299
114,7.215336591291829,-0.6525828322066899,-0.6564086482225121,5.906345110862625
115,7.300866856929057,-0.6525828322066899,-0.6564086482225121,5.991875376499854
116,7.383217897167087,-0.6947117672709882,-0.6564086482225121,6.032097481673586
117,7.398060335934955,-0.6962448728614146,-0.6564086482225121,6.0454068148510265
118,7.464236801899043,-0.7135900836962987,-0.6564086482225121,6.094238069980231
119,7.5016441602430675,-0.7249487500969624,-0.6564086482225121,6.120286761923592
120,7.548942608642196,-0.7249487500969624,-0.6580304801998518,6.1659633783453796
121,7.609762998865967,-0.7249487500969624,-0.6580304801998518,6.226783768569151
122,7.702869096159029,-0.7569942245368069,-0.6580304801998518,6.287844391422368
123,7.742489923742857,-0.7826494721120804,-0.6836857277751253,6.276154723855649
124,7.7740613961534475,-0.7826494721120804,-0.6841546751867063,6.3072572488546585
125,7.918645287265132,-0.8844911509602172,-0.7859963540348431,6.248157782270069
126,7.930661332984272,-0.8978700713158037,-0.7993752743904295,6.233415987278036
127,7.966271833336412,-0.8978700713158037,-0.7993752743904295,6.2690264876301764
128,8.004416545807066,-0.8978700713158037,-0.7993752743904295,6.30717120010083
129,8.034004795009354,-0.9291085749531837,-0.8306137780278096,6.274282442028358
130,8.081649783137408,-0.9568611949998183,-0.8583663980744441,6.266422190063143
131,8.155668413511876,-0.9568611949998183,-0.862453191859875,6.33635402665218
132,8.230552700097338,-0.9568611949998183,-0.862453191859875,6.411238313237641
133,8.286303562413028,-0.9568611949998183,-0.862453191859875,6.466989175553332
134,8.319740673601766,-0.9615842074879092,-0.8671762043479659,6.490980261765888
135,8.398303974851927,-0.9867071040508505,-0.8671762043479659,6.5444206664531075
136,8.458393812704786,-0.9867071040508505,-0.8671762043479659,6.604510504305966
137,8.526871494454923,-0.9867071040508505,-0.8671762043479659,6.672988186056103
138,8.54068333273764,-0.9867071040508505,-0.8671762043479659,6.686800024338819
139,8.564553530169672,-0.9927475221860151,-0.8732166224831306,6.6985893855005205
140,8.598494502565691,-0.9927475221860151,-0.8732166224831306,6.7325303578965405
141,8.610491518192967,-0.9927475221860151,-0.8746164193550817,6.743127576651866
142,8.65358948574565,-1.0185948171643542,-0.8746164193550817,6.76037824922621
143,8.702598914109963,-1.0185948171643542,-0.8746164193550817,6.809387677590522
144,8.767314939220242,-1.0185948171643542,-0.9101531702439174,6.838566951811965
145,8.852089112556966,-1.0185948171643542,-0.9101531702439174,6.923341125148689
146,8.98453901321122,-1.0185948171643542,-0.9101531702439174,7.055791025802944
147,9.00489618211105,-1.0185948171643542,-0.9101531702439174,7.076148194702774
148,9.075644120498168,-1.0458722467171564,-0.9101531702439174,7.119618703537089
149,9.159251673305569,-1.113898079537736,-0.9101531702439174,7.13520042352391
150,9.196406972518789,-1.113898079537736,-0.9101531702439174,7.172355722737129
151,9.292267051330816,-1.113898079537736,-0.9101531702439174,7.268215801549157
152,9.312282014431522,-1.1509129712849717,-0.9471680619911532,7.2142009811553915
153,9.431450930361246,-1.1509129712849717,-0.955862756359084,7.324675202717184
154,9.481911776111055,-1.1509129712849717,-0.9698384909327902,7.361160313893287
155,9.512635596426854,-1.1509129712849717,-0.9698384909327902,7.391884134209086
156,9.579351271229744,-1.1521669980041336,-0.971092517651952,7.456091755573652
157,9.682115458857687,-1.1521669980041336,-0.9906271751140184,7.53932128573953
158,9.776357804382357,-1.1521669980041336,-1.0143993592152873,7.609791447162931
159,9.813292740471088,-1.175744632658758,-1.0143993592152873,7.623148748597037
160,9.938040487584965,-1.175744632658758,-1.0277951018308982,7.734500753095304
161,9.986440671251767,-1.175744632658758,-1.0314853083306021,7.779210730262402
162,10.005465551964202,-1.1936735982070805,-1.0314853083306021,7.780306645426514
163,10.080284750664504,-1.1936735982070805,-1.0314853083306021,7.855125844126816
164,10.148935059307052,-1.1936735982070805,-1.0370532631420468,7.918208197957919
165,10.182707123688605,-1.2207100486362168,-1.0370532631420468,7.924943811910336
166,10.214898802475837,-1.2207100486362168,-1.0411047077671371,7.953084046072478
167,10.236153807175395,-1.2207100486362168,-1.0411047077671371,7.974339050772036
168,10.264490740262746,-1.2207100486362168,-1.0495066725685007,7.9942740190580235
169,10.283720480773564,-1.2207100486362168,-1.0495066725685007,8.013503759568842
170,10.316183478053688,-1.2207100486362168,-1.058488771517269,8.036984657900197
171,10.4047307374285,-1.2564874427495925,-1.0942661656306447,8.053977129048256
172,10.539472502251321,-1.2564874427495925,-1.0942661656306447,8.188718893871078
173,10.571750402521001,-1.2564874427495925,-1.0942661656306447,8.220996794140758
174,10.611533268441526,-1.2564874427495925,-1.0942661656306447,8.260779660061283
175,10.640983261020088,-1.2703878566683846,-1.1081665795494369,8.26242882480226
176,10.69619969898374,-1.2703878566683846,-1.1165923964565863,8.309219445858762
177,10.792316775614946,-1.2703878566683846,-1.1165923964565863,8.405336522489968
178,10.857752560100693,-1.2703878566683846,-1.1165923964565863,8.470772306975714
179,10.897715373603576,-1.2703878566683846,-1.1165923964565863,8.510735120478598
180,11.02802770769053,-1.2703878566683846,-1.1165923964565863,8.641047454565552
181,11.059210070924552,-1.2703878566683846,-1.1165923964565863,8.672229817799574
182,11.109640524430542,-1.3395519528987716,-1.1165923964565863,8.653496175075178
183,11.153383878254571,-1.3454271999489442,-1.1224676435067589,8.685489034798861
184,11.178057378666278,-1.3464941961810235,-1.1224676435067589,8.709095538978488
185,11.249900166345354,-1.3464941961810235,-1.1308341615955582,8.772571808568765
186,11.264415536821202,-1.3464941961810235,-1.1333453176189978,8.784576023021174
187,11.375573849863203,-1.3464941961810235,-1.1333453176189978,8.895734336063175
188,11.4301218007016,-1.3464941961810235,-1.1361993764069,8.94742822811367
189,11.48834448807038,-1.3629616828275184,-1.152666863053395,8.97271594218946
190,11.547489927776287,-1.3629616828275184,-1.152666863053395,9.031861381895366
191,11.572955702351587,-1.3629616828275184,-1.152666863053395,9.057327156470667
192,11.713451494430752,-1.3629616828275184,-1.159757619452922,9.190732192150303
193,11.746555884463245,-1.3629616828275184,-1.160064603878132,9.223529597757587
194,11.77797976535247,-1.3629616828275184,-1.160064603878132,9.254953478646812
195,11.867234179451955,-1.3629616828275184,-1.1708241828320605,9.333448313792369
196,11.9043234882408,-1.3629616828275184,-1.1708241828320605,9.370537622581214
197,11.9152784026501,-1.3629616828275184,-1.1708241828320605,9.381492536990514
198,11.966649067465418,-1.3629616828275184,-1.1708241828320605,9.432863201805832
199,12.010702638320845,-1.3629616828275184,-1.1722366877674768,9.475504267725842
200,12.025351506105169,-1.3629616828275184,-1.1722366877674768,9.490153135510166
201,12.127743724025432,-1.3629616828275184,-1.1722366877674768,9.59254535343043
202,12.158737000369168,-1.3629616828275184,-1.1722845498119543,9.623490767729686
203,12.180979219468625,-1.3629616828275184,-1.209653373790663,9.608364162850435
204,12.279406603160808,-1.3629616828275184,-1.209653373790663,9.706791546542618
205,12.387857152706813,-1.3629616828275184,-1.209653373790663,9.815242096088623
206,12.517156159889689,-1.3629616828275184,-1.2130038955320717,9.94119058153009
207,12.555163100342991,-1.3629616828275184,-1.2161015473050751,9.976099870210389
208,12.68103756216817,-1.4281204284337115,-1.2812602929112682,9.97165684082318
209,12.707333409343166,-1.4281204284337115,-1.2812602929112682,9.997952687998175
210,12.74150366369569,-1.4281204284337115,-1.2894357965745205,10.023947438687449
211,12.77861766617823,-1.4281204284337115,-1.2894357965745205,10.061061441169988
212,12.878294864200347,-1.4281204284337115,-1.2894357965745205,10.160738639192106
213,12.97736200369956,-1.4281204284337115,-1.2894357965745205,10.259805778691318
214,13.008718720911213,-1.4333262149918093,-1.2894357965745205,10.285956709344873
215,13.056712988813238,-1.4333262149918093,-1.2894357965745205,10.333950977246898
216,13.124964948584708,-1.4333262149918093,-1.2894357965745205,10.402202937018368
217,13.158539351108335,-1.4333262149918093,-1.2894357965745205,10.435777339541994
218,13.250198029265523,-1.4333262149918093,-1.308945458295002,10.5079263559787
219,13.283775861504704,-1.438979597411991,-1.308945458295002,10.5358508057977
220,13.328875608678178,-1.438979597411991,-1.308945458295002,10.580950552971174
221,13.390749160445507,-1.438979597411991,-1.3162456220233678,10.635523941010137
222,13.442675260531182,-1.438979597411991,-1.3162456220233678,10.687450041095811
223,13.497444065918012,-1.477565161757211,-1.3548311863685878,10.665047717792202
224,13.525011869508477,-1.491855038859082,-1.3548311863685878,10.678325644280795
225,13.560509882554225,-1.5124075198929652,-1.3548311863685878,10.69327117629266
226,13.621415115400294,-1.5232902414052285,-1.3548311863685878,10.743293687626466
227,13.699423155363066,-1.5239900503497714,-1.3555309953131307,10.819902109700152
228,13.82928584067265,-1.5239900503497714,-1.3707609190187575,10.934534871304109
229,13.857855919807468,-1.5239900503497714,-1.3707609190187575,10.963104950438927
230,13.956129439638113,-1.5239900503497714,-1.384998192149342,11.047141197138988
231,14.013514036880403,-1.5239900503497714,-1.395855969181204,11.093668017349417
232,14.06086783550489,-1.5239900503497714,-1.395855969181204,11.141021815973904
233,14.107313748415896,-1.5239900503497714,-1.395855969181204,11.18746772888491
234,14.145897256116585,-1.5239900503497714,-1.395855969181204,11.2260512365856
235,14.2640897745413,-1.5239900503497714,-1.3974635866192542,11.342636137572264
236,14.348057250639906,-1.5305600379354425,-1.3974635866192542,11.420033626085198
237,14.396124725858762,-1.5305600379354425,-1.4017339278627947,11.463830760060512
238,14.475884593226624,-1.5305600379354425,-1.4017339278627947,11.543590627428374
239,14.50509756670451,-1.5633401660553858,-1.434514055982738,11.507243344666373
240,14.542697252790159,-1.5633401660553858,-1.4413538280166922,11.538003258718067
241,14.660857361127906,-1.5791417145939928,-1.4571553765552991,11.6245602699786
242,14.709014064170459,-1.5791417145939928,-1.4644630690408922,11.66540928053556
243,14.774148373379806,-1.5791417145939928,-1.492368099759146,11.702638559026651
244,14.819314141086757,-1.5791417145939928,-1.5075987006109433,11.732573725881805
245,14.888434413795098,-1.5791417145939928,-1.5075987006109433,11.801693998590146
246,15.022908912126004,-1.5791417145939928,-1.5075987006109433,11.936168496921052
247,15.116683463369656,-1.5791417145939928,-1.5075987006109433,12.029943048164704
248,15.152873453017582,-1.5791417145939928,-1.5196520727038527,12.05407966571972
249,15.182988731751676,-1.5825916376996612,-1.5196520727038527,12.080745021348145
250,15.248499800052516,-1.5825916376996612,-1.5196520727038527,12.146256089648984
251,15.320192553849472,-1.5825916376996612,-1.5196520727038527,12.21794884344594
252,15.358474158467214,-1.5936834267826379,-1.5196520727038527,12.245138658980707
253,15.395378704268888,-1.6105530367856933,-1.5365216827069081,12.24830398477627
254,15.432920297376166,-1.6377452703025759,-1.5637139162237907,12.231461110849782
255,15.452278296009794,-1.6377452703025759,-1.5637139162237907,12.25081910948341
256,15.541566117809904,-1.6377452703025759,-1.5637139162237907,12.34010693128352
257,15.603288811273671,-1.6377452703025759,-1.5637139162237907,12.401829624747288
258,15.626108395693445,-1.6377452703025759,-1.5662620062438786,12.422101119146973
259,15.6985733264091,-1.6377452703025759,-1.5663311804014046,12.494496875705103
260,15.718662638605617,-1.6377452703025759,-1.5663311804014046,12.51458618790162
261,15.731402531601637,-1.6377452703025759,-1.5663311804014046,12.52732608089764
262,15.823540282938037,-1.6377452703025759,-1.5729797446912988,12.612815267944146
263,15.864609118975475,-1.6377452703025759,-1.5729797446912988,12.653884103981584
264,15.902568460617093,-1.6377452703025759,-1.5729797446912988,12.691843445623203
265,16.00212827413326,-1.6403600771118498,-1.5755945515005727,12.786173645520822
266,16.024419431985837,-1.6414270051908304,-1.5766614795795533,12.806330947215438
267,16.10309891966037,-1.6414270051908304,-1.6010499846773496,12.86062192979217
268,16.184414921254465,-1.6414270051908304,-1.6010499846773496,12.941937931386267
269,16.271361882963028,-1.6414270051908304,-1.6010499846773496,13.028884893094828
270,16.343580164658164,-1.6414270051908304,-1.6161504276869327,13.086002731780383
271,16.431448731265295,-1.6602963704672051,-1.6350197929633075,13.136132567834766
272,16.500037848499844,-1.6740007107842678,-1.6350197929633075,13.191017344752252
273,16.584716355209817,-1.6740007107842678,-1.6399504293287552,13.270765215096779
274,16.608741314295703,-1.6740007107842678,-1.6570617120033007,13.277678891508117
275,16.674648476669184,-1.6740007107842678,-1.6570617120033007,13.343586053881598
276,16.712558553442722,-1.6740007107842678,-1.6570617120033007,13.381496130655139
277,16.723604473973275,-1.6815499689001954,-1.6570617120033007,13.384992793069765
278,16.80074335888829,-1.6865187856511894,-1.6570617120033007,13.457162861233787
279,16.887654165824237,-1.6865187856511894,-1.6709661076842433,13.530169272488791
280,16.90501902844547,-1.6865187856511894,-1.6709808284128065,13.54751941438146
281,16.935475272308768,-1.6865187856511894,-1.6709808284128065,13.577975658244759
282,16.977581901877976,-1.6865187856511894,-1.6723205592747727,13.618742556951998
283,17.010336777487833,-1.6865187856511894,-1.6723205592747727,13.651497432561854
284,17.13478143361216,-1.6865187856511894,-1.6723205592747727,13.775942088686183
285,17.218321190804605,-1.6865187856511894,-1.6723205592747727,13.859481845878628
286,17.287791650952975,-1.6865187856511894,-1.6757493913189354,13.925523473982835
287,17.301213618537776,-1.6865187856511894,-1.6757493913189354,13.938945441567638
288,17.422806704901838,-1.7930637965427458,-1.7822944022104918,13.847448506148586
289,17.461503492635575,-1.8044951276293906,-1.7822944022104918,13.87471396279568
290,17.587327463518804,-1.8044951276293906,-1.7969676303927495,13.985864705496649
291,17.606825463155396,-1.8044951276293906,-1.800920081026925,14.001410254499067
292,17.682999546922396,-1.8044951276293906,-1.8051881265591914,14.073316292733802
293,17.710386251603254,-1.8044951276293906,-1.8189437683528642,14.086947355620987
294,17.74734024729361,-1.8044951276293906,-1.8215209004870254,14.121324219177183
295,17.831378041743637,-1.8138913121393467,-1.8309170849969816,14.186569644607296
296,17.8858104158444,-1.8296581658935882,-1.8309170849969816,14.225235164953816
297,17.96011834441467,-1.842650424025404,-1.8439093431287974,14.273558577260454
298,17.985035089001947,-1.842650424025404,-1.8494544343596357,14.292930230616893
299,18.084218523068305,-1.8728449968954812,-1.879649007229713,14.331724518943096
300,18.126136705037144,-1.8728449968954812,-1.8893385795313116,14.363953128610335
301,18.16003613733403,-1.8728449968954812,-1.8893385795313116,14.397852560907218
302,18.23291077820806,-1.8728449968954812,-1.8893385795313116,14.470727201781248
303,18.28250490687373,-1.8728449968954812,-1.8893385795313116,14.520321330446919
304,18.323749094702617,-1.8728449968954812,-1.8893385795313116,14.561565518275808
305,18.394371894303365,-1.9885968634076188,-2.0050904460434493,14.400684584852282
306,18.497430379939946,-1.9885968634076188,-2.0244032306051776,14.484430285927136
307,18.580613011925298,-1.9885968634076188,-2.0248743400757427,14.567141808441923
308,18.619859035582582,-1.9953189831596159,-2.03159645982774,14.592943592595214
309,18.690097850699804,-1.9953189831596159,-2.03159645982774,14.663182407712435
310,18.76025594014727,-2.0064314252677797,-2.03159645982774,14.722228055051739
311,18.807674201403493,-2.0064314252677797,-2.0346225707973904,14.76662020533831
312,18.831932390607598,-2.0537575848096545,-2.0346225707973904,14.743552235000537
313,18.862985147269764,-2.0537575848096545,-2.0346225707973904,14.774604991662702
314,18.996733284557884,-2.0537575848096545,-2.0346225707973904,14.90835312895082
315,19.13324060394075,-2.064000618620628,-2.0346225707973904,15.03461741452271
316,19.173143628940405,-2.064000618620628,-2.0464830677515056,15.06265994256825
317,19.227003649667775,-2.064000618620628,-2.0625278816085593,15.100475149438564
318,19.25977553762019,-2.064000618620628,-2.0625278816085593,15.133247037390978
319,19.334917364898747,-2.064000618620628,-2.0625278816085593,15.208388864669535
320,19.3894001657211,-2.064000618620628,-2.0625278816085593,15.26287166549189
321,19.400157199661926,-2.069787866788183,-2.068315129776114,15.262054203097607
322,19.49698154748859,-2.069787866788183,-2.089578369009419,15.337615311690966
323,19.51259427406449,-2.078129686046431,-2.089578369009419,15.344886219008616
324,19.542215618565763,-2.078129686046431,-2.089578369009419,15.37450756350989
325,19.572287974807203,-2.078129686046431,-2.0993303726920076,15.394827916068742
326,19.598528164045163,-2.1368020211385814,-2.158002707784158,15.3037234351224
327,19.668277197851776,-2.192663881998962,-2.2138645686445386,15.26174874720825
328,19.75231880457378,-2.192663881998962,-2.2348650434210375,15.324789879153755
329,19.78981292503894,-2.192663881998962,-2.2348650434210375,15.362283999618915
330,19.82198461475702,-2.192663881998962,-2.2449662553966814,15.384354477361352
331,19.920259027860684,-2.192663881998962,-2.2449662553966814,15.482628890465017
332,20.059019921678015,-2.2712851711400166,-2.2449662553966814,15.542768495141294
333,20.124325353748485,-2.274944991097618,-2.2486260753542826,15.600754287296564
334,20.16387280963927,-2.274944991097618,-2.2504383304802866,15.638489488061342
335,20.2558031246927,-2.274944991097618,-2.250852850573977,15.730005283021084
336,20.34723404646926,-2.306587456203021,-2.250852850573977,15.789793739692241
337,20.36245646213097,-2.32055149844478,-2.250852850573977,15.791052113112192
338,20.422758394923985,-2.32055149844478,-2.250852850573977,15.851354045905207
339,20.5068968834071,-2.3313490560716437,-2.250852850573977,15.92469497676146
340,20.645152130788944,-2.3313490560716437,-2.255626824287804,16.058176250429476
341,20.696598612602973,-2.3313490560716437,-2.2756854900868073,16.0895640664445
342,20.791722926812685,-2.3313490560716437,-2.2756854900868073,16.18468838065421
343,20.821665551674496,-2.3313490560716437,-2.2756854900868073,16.214631005516022
344,20.920135595604332,-2.3313490560716437,-2.2839717877996204,16.304814751733044
345,20.94185423244679,-2.3313490560716437,-2.302261638042659,16.308243538332466
346,20.951858455676543,-2.358127073553001,-2.3290396555240163,16.264691726599505
347,21.0205892335192,-2.366063755786207,-2.3290396555240163,16.325485822208954
348,21.104013295497754,-2.366063755786207,-2.3370199111268506,16.400929628584674
349,21.17136328704136,-2.366063755786207,-2.341880333821039,16.46341919743409
350,21.25501789091072,-2.366063755786207,-2.3596605539963544,16.529293581128137
351,21.308934463126135,-2.366063755786207,-2.3596605539963544,16.58321015334355
352,21.396107599313765,-2.3665849124158416,-2.3596605539963544,16.669862132901546
353,21.435926365402167,-2.3665849124158416,-2.372139246901138,16.697202206085166
354,21.450582141170912,-2.3665849124158416,-2.372139246901138,16.71185798185391
355,21.498211441132593,-2.386871637877966,-2.3924259723632626,16.718913830891342
356,21.529927361643633,-2.386871637877966,-2.402319045479712,16.740736678285934
357,21.629360360251997,-2.386871637877966,-2.4052090726559983,16.837279649718013
358,21.661616146677506,-2.386871637877966,-2.4052090726559983,16.869535436143522
359,21.695870451214233,-2.386871637877966,-2.4052090726559983,16.90378974068025
360,21.768044279384792,-2.386871637877966,-2.4229884558387442,16.958184185668063
361,21.827746339281006,-2.386871637877966,-2.4229884558387442,17.017886245564277
362,21.962154530556706,-2.386871637877966,-2.4229884558387442,17.152294436839977
363,21.975937569310545,-2.394582557252323,-2.430699375213101,17.1506556368451
364,22.114530523696903,-2.394582557252323,-2.4467082138334084,17.27323975261115
365,22.152464839082924,-2.394582557252323,-2.4510985847678852,17.306783697062695
366,22.18174699903553,-2.394582557252323,-2.451228011196493,17.335936430586692
367,22.23280519298731,-2.394582557252323,-2.4553466032715234,17.382876032463443
368,22.249301085175393,-2.394582557252323,-2.4611031243165518,17.393615403606496
369,22.280748319024262,-2.4050498233099376,-2.4611031243165518,17.41459537139775
370,22.307592153103982,-2.4050498233099376,-2.4611031243165518,17.44143920547747
371,22.404794284554374,-2.4161655437087375,-2.4722188447153517,17.516409896130263
372,22.508164611746352,-2.4161655437087375,-2.4722188447153517,17.61978022332224
373,22.56486667884165,-2.4161655437087375,-2.4723312757924454,17.676369859340447
374,22.593229949456347,-2.4161655437087375,-2.4723312757924454,17.704733129955144
375,22.74053547232529,-2.4161655437087375,-2.4723312757924454,17.85203865282409
376,22.770258600045825,-2.4161655437087375,-2.4723312757924454,17.881761780544622
377,22.79745374166514,-2.4161655437087375,-2.4723312757924454,17.908956922163938
378,22.81973382302017,-2.4212107706659194,-2.4723312757924454,17.926191776561783
379,22.887439685160302,-2.4212107706659194,-2.476252190592319,17.989976723902043
380,22.924629509436276,-2.4212107706659194,-2.476252190592319,18.027166548178016
381,23.033485623466756,-2.448524835712677,-2.5035662556390768,18.08139453211498
382,23.07270113867283,-2.448524835712677,-2.5035662556390768,18.120610047321055
383,23.13278153532384,-2.463578923791366,-2.5035662556390768,18.165636355893376
384,23.211562733019594,-2.463578923791366,-2.516859954206115,18.23112385502209
385,23.234558841894213,-2.463578923791366,-2.516859954206115,18.25411996389671
386,23.255751758564028,-2.463578923791366,-2.516859954206115,18.275312880566524
387,23.368318799502745,-2.477404567795294,-2.516859954206115,18.374054277501312
388,23.47918530136685,-2.477404567795294,-2.551939582042932,18.4498411515286
389,23.515575165874747,-2.477404567795294,-2.551939582042932,18.486231016036495
390,23.57730082595781,-2.477404567795294,-2.551939582042932,18.547956676119558
391,23.619059250185483,-2.477404567795294,-2.552520491253771,18.58913419113639
392,23.65614789141904,-2.477404567795294,-2.55663147937665,18.622111844247065
393,23.689202835828638,-2.5348661360588927,-2.6140930476402486,18.54024365212947
394,23.717581419142682,-2.5348661360588927,-2.6140930476402486,18.568622235443513
395,23.771041043113875,-2.5818159769054914,-2.6610428884868473,18.528182177721508
396,23.798938415941702,-2.5818159769054914,-2.6623754213174946,18.55474701771869
397,23.883284892228613,-2.6087956020269867,-2.6623754213174946,18.6121138688841
398,23.915780629888204,-2.632397585903304,-2.6623754213174946,18.621007622667374
399,23.973486890496492,-2.632397585903304,-2.6623754213174946,18.678713883275663
400,24.04320024722628,-2.632397585903304,-2.6623754213174946,18.74842724000545
401,24.16971206963898,-2.632397585903304,-2.6624061921696898,18.874908291565955
402,24.20055771778826,-2.6634547822925474,-2.6624061921696898,18.87469674332599
403,24.33915199005312,-2.6634547822925474,-2.6624061921696898,19.013291015590852
404,24.414843250791364,-2.6634547822925474,-2.6818784691589084,19.069509999339875
405,24.451792028236625,-2.6634547822925474,-2.6818784691589084,19.106458776785136
406,24.56867247393624,-2.6847463276975345,-2.7031700145638955,19.180756131674777
407,24.60783519759499,-2.6847463276975345,-2.7031700145638955,19.21991885533353
408,24.67298382872192,-2.708569565782778,-2.7031700145638955,19.261244248375213
409,24.69184331632097,-2.708569565782778,-2.705454998148819,19.27781875238934
410,24.720438279654186,-2.708569565782778,-2.705454998148819,19.306413715722556
411,24.758125808028623,-2.708569565782778,-2.71398662510726,19.33556961713855
412,24.821582325865084,-2.708569565782778,-2.7266309268460662,19.386381833236204
413,24.88885331522486,-2.708569565782778,-2.7266309268460662,19.45365282259598
414,24.936088141175887,-2.708569565782778,-2.7266309268460662,19.500887648547007
415,24.962906704653307,-2.708569565782778,-2.7266309268460662,19.527706212024427
416,24.99590514337721,-2.708569565782778,-2.7266309268460662,19.56070465074833
417,25.040288200158994,-2.708569565782778,-2.7266309268460662,19.605087707530114
418,25.13332415546961,-2.708569565782778,-2.72718880198141,19.697565787705383
419,25.1853911437077,-2.708569565782778,-2.7288345353585868,19.747987042566297
420,25.24943876148872,-2.708569565782778,-2.7288345353585868,19.812034660347315
421,25.26882120481362,-2.708569565782778,-2.7354647062912245,19.824786932739578
422,25.280893186047674,-2.7160590263515094,-2.7429541668599557,19.82187999283617
423,25.292471456019943,-2.7160590263515094,-2.7429541668599557,19.83345826280844
424,25.413008955586342,-2.717104182754351,-2.7429541668599557,19.952950605971996
425,25.560485331100665,-2.717104182754351,-2.7597669045080453,20.08361424383823
426,25.652500868274654,-2.717104182754351,-2.7597669045080453,20.17562978101222
427,25.696973512676415,-2.717104182754351,-2.7597669045080453,20.22010242541398
428,25.729142211063785,-2.717104182754351,-2.7813139058669307,20.230724122442467
429,25.765745734296615,-2.717104182754351,-2.7813139058669307,20.267327645675298
430,25.873528064434847,-2.717104182754351,-2.7896972091584304,20.36672667252203
431,26.008830420661862,-2.772195339148383,-2.7896972091584304,20.446937872355015
432,26.041060989890504,-2.772195339148383,-2.791096862667333,20.47776878807475
433,26.06328997482652,-2.772195339148383,-2.791096862667333,20.49999777301077
434,26.095097338004734,-2.772195339148383,-2.791096862667333,20.531805136188982
435,26.122702683902187,-2.772195339148383,-2.791096862667333,20.559410482086435
436,26.160876680975633,-2.772195339148383,-2.791096862667333,20.59758447915988
437,26.232133305981282,-2.772195339148383,-2.791096862667333,20.66884110416553
438,26.345504678197624,-2.8674278964998012,-2.8863294200187513,20.591747361679037
439,26.442932844220447,-2.8798311065366122,-2.8863294200187513,20.67677231766505
440,26.48372253265388,-2.894313114203004,-2.900811427685143,20.6885979907657
441,26.580749251740823,-2.894313114203004,-2.904721994487047,20.781714143050742
442,26.63906794144384,-2.894313114203004,-2.9129706766273897,20.83178415061342
443,26.658279839569687,-2.894313114203004,-2.9129706766273897,20.850996048739265
444,26.68010688856268,-2.894313114203004,-2.9147812102964235,20.871012564063225
445,26.72120717372899,-2.894313114203004,-2.931352294818588,20.89554176470737
446,26.73235373659094,-2.894313114203004,-2.934879404874827,20.903161217513084
447,26.809379667219595,-2.894313114203004,-2.948568097921148,20.966498455095415
448,26.83487761341239,-2.9105828806286764,-2.948568097921148,20.97572663486254
449,26.920576592658087,-2.9105828806286764,-2.948568097921148,21.061425614108234
450,26.997638706066482,-2.9105828806286764,-2.955354546942227,21.13170127849555
451,27.083385592643015,-2.9105828806286764,-2.970168897931014,21.2026338140833
452,27.121424987565458,-2.9105828806286764,-2.970168897931014,21.24067320900574
453,27.13935844489625,-2.9105828806286764,-2.975240594530133,21.253534969737416
454,27.177048480656005,-2.9177331744503414,-2.975240594530133,21.28407471167551
455,27.218687584186704,-2.9177331744503414,-2.975240594530133,21.325713815206207
456,27.298918513739984,-2.9177331744503414,-2.975240594530133,21.405944744759488
457,27.375391333868404,-2.9177331744503414,-2.983851144448879,21.47380701496916
458,27.408547362611895,-2.9177331744503414,-2.984148530781245,21.506665657380285
459,27.439408360793873,-2.9177331744503414,-2.984148530781245,21.537526655562264
460,27.462844491879032,-2.9177331744503414,-2.984463264398608,21.56064805303006
461,27.574030686292197,-2.92137525462259,-2.9881053445708567,21.66455008709873
462,27.613641496457685,-2.92137525462259,-2.9881053445708567,21.704160897264217
463,27.65438222855272,-2.92137525462259,-2.999233056505517,21.733773917424593
464,27.66571295653427,-2.92137525462259,-2.999233056505517,21.745104645406144
465,27.67700715417744,-2.92137525462259,-3.001219304253768,21.754412595301062
466,27.778550977346914,-2.92137525462259,-3.001219304253768,21.855956418470537
467,27.80292115252302,-2.92137525462259,-3.0031346058789983,21.87841129202141
468,27.84948175996785,-2.9301604668073766,-3.0031346058789983,21.916186687281456
469,27.866752112372122,-2.9301604668073766,-3.0031346058789983,21.933457039685727
470,27.915392885190755,-2.933608623197338,-3.00658276226896,21.975201499724438
471,27.976037645846063,-2.933608623197338,-3.00658276226896,22.035846260379746
472,27.99053530234158,-2.9361605874527066,-3.00658276226896,22.047791952619896
473,28.079647221713195,-2.9361605874527066,-3.010083826011755,22.133402808248714
474,28.100326323767195,-2.975833963001226,-3.010083826011755,22.114408534754197
475,28.231592929319532,-3.0033319951408894,-3.0375818581514182,22.190679076027205
476,28.27790796692922,-3.0033319951408894,-3.0375818581514182,22.236994113636893
477,28.333718631267544,-3.0033319951408894,-3.0375818581514182,22.292804777975217
478,28.3860389564932,-3.0033319951408894,-3.0506105980147566,22.33209636333753
479,28.490092218242033,-3.021225565576659,-3.0506105980147566,22.418256054650595
480,28.635045519106473,-3.021225565576659,-3.0506105980147566,22.563209355515035
481,28.75245264435205,-3.021225565576659,-3.0506105980147566,22.680616480760612
482,28.774813727782842,-3.021225565576659,-3.05907662610506,22.694511536101103
483,28.81678551181858,-3.021225565576659,-3.05907662610506,22.73648332013684
484,28.90290510514393,-3.059765229053211,-3.097616289581612,22.745523586509087
485,28.925822878420306,-3.064438597587298,-3.1022896581156987,22.75909462271729
486,28.978006232786562,-3.064438597587298,-3.1263263718178735,22.787241263381368
487,29.03296340599103,-3.064438597587298,-3.1435649552948353,22.824959853108872
488,29.099107004588802,-3.092856647846114,-3.1719830055536513,22.834267351189013
489,29.24185051593787,-3.092856647846114,-3.181364877931975,22.967628990159756
490,29.337869527869557,-3.092856647846114,-3.2007308940115027,23.044281986011917
491,29.383325583371807,-3.092856647846114,-3.2007308940115027,23.089738041514167
492,29.404296175744463,-3.092856647846114,-3.2007308940115027,23.110708633886823
493,29.451603304394105,-3.1196475194685105,-3.2007308940115027,23.13122489091407
494,29.54973593686578,-3.1969322569759573,-3.2007308940115027,23.152072785878296
495,29.64761470597031,-3.1969322569759573,-3.2054693304378725,23.245213118556457
496,29.74198268215986,-3.1969322569759573,-3.2054693304378725,23.33958109474601
497,29.82028896786467,-3.1969322569759573,-3.215538834456856,23.407817876431835
498,29.869685353220284,-3.1969322569759573,-3.217110894422342,23.455642201821963
499,29.914346777910165,-3.1969322569759573,-3.243751044707965,23.47366347622622
500,30.0030921563298,-3.1969322569759573,-3.2488353526024616,23.557324546751357
501,30.054113799089798,-3.1969322569759573,-3.2488353526024616,23.608346189511355
502,30.08117124724773,-3.1969322569759573,-3.2488353526024616,23.635403637669288
503,30.132703174908695,-3.1969322569759573,-3.2599724899374145,23.6757984279953
504,30.182077598510435,-3.223731967644633,-3.2867722006060904,23.671573430259688
505,30.246979533097832,-3.235565317220627,-3.298605550182084,23.7128086656951
506,30.287950927663868,-3.2559817053534594,-3.3190219383149167,23.712947283995472
507,30.328666562910847,-3.256642377666068,-3.3190219383149167,23.753002246929842
508,30.36710583129694,-3.2665660579177103,-3.328945618566559,23.77159415481265
509,30.43035293771012,-3.2665660579177103,-3.328945618566559,23.83484126122583
510,30.51874941010855,-3.2665660579177103,-3.328945618566559,23.923237733624262
511,30.57236647656649,-3.2665660579177103,-3.328945618566559,23.9768548000822
512,30.70500430321036,-3.2665660579177103,-3.328945618566559,24.10949262672607
513,30.723498879900117,-3.2665660579177103,-3.335006864400115,24.12192595758227
514,30.764842911562223,-3.282312630359919,-3.335006864400115,24.147523416802166
515,30.83340435654348,-3.282312630359919,-3.3638326352830195,24.18725909090052
516,30.90382685268243,-3.282312630359919,-3.3763931203558677,24.245121101966618
517,30.953919966780106,-3.282312630359919,-3.3763931203558677,24.295214216064295
518,30.98071143990635,-3.282312630359919,-3.385820571655279,24.312578237891127
519,31.06509643920572,-3.282312630359919,-3.386298683198597,24.39648512564718
520,31.088143635876396,-3.282312630359919,-3.4011928997199576,24.404638105796494
521,31.16337340185889,-3.282312630359919,-3.435472165306222,24.445588606192725
522,31.21805054403223,-3.282312630359919,-3.435472165306222,24.500265748366065
523,31.34299642531421,-3.2864642922948195,-3.4396238272411224,24.616908305778242
524,31.37785151362538,-3.2864642922948195,-3.452102751775787,24.639284469554745
525,31.444045935178647,-3.2864642922948195,-3.452102751775787,24.70547889110801
526,31.487264642176306,-3.287795182376593,-3.4534336418575604,24.746035817942126
527,31.56969365614522,-3.287795182376593,-3.4534336418575604,24.828464831911038
528,31.650926745169258,-3.287795182376593,-3.4537966059761644,24.909334956816473
529,31.671744330614978,-3.287795182376593,-3.4619160927787567,24.9220330554596
530,31.788923104405185,-3.287795182376593,-3.4680720704765586,25.033055851552003
531,31.82902144584247,-3.287795182376593,-3.4680720704765586,25.07315419298929
532,31.84037747253001,-3.287795182376593,-3.470896295624851,25.081685994528538
533,31.883333648649756,-3.345040349268941,-3.528141462517199,25.010151836863585
534,31.97386969695573,-3.345040349268941,-3.5447770914473926,25.084052256239364
535,32.079521113190715,-3.3810228034467835,-3.5447770914473926,25.153721218296504
536,32.15770546389292,-3.3810228034467835,-3.5447770914473926,25.231905568998705
537,32.1825110862517,-3.3865983971811318,-3.5447770914473926,25.251135597623144
538,32.23516470475028,-3.3865983971811318,-3.551225847575257,25.29734045999386
539,32.300102302378065,-3.3865983971811318,-3.551225847575257,25.362278057621637
540,32.313835306845036,-3.41751839047297,-3.551225847575257,25.345091068796773
541,32.37812424073444,-3.41751839047297,-3.551225847575257,25.409380002686174
542,32.40266040771242,-3.437044984086086,-3.5707524411883735,25.39486298243792
543,32.42543684436853,-3.437044984086086,-3.5707524411883735,25.41763941909403
544,32.4770929295417,-3.437044984086086,-3.5707524411883735,25.4692955042672
545,32.56212949032622,-3.437044984086086,-3.5858551596757184,25.539229346564383
546,32.6091742593101,-3.5217703519367674,-3.6705805275263996,25.4168233798469
547,32.63214330339511,-3.5604339770700215,-3.6705805275263996,25.401128798798652
548,32.71637039975422,-3.5604339770700215,-3.6705805275263996,25.485355895157756
549,32.830594380542465,-3.5604339770700215,-3.6728550891717995,25.597305314300602
550,32.889388002338436,-3.5604339770700215,-3.6747092454533,25.65424477981507
551,32.92835039548225,-3.5604339770700215,-3.675594886138946,25.692321532273237
552,32.939851510542255,-3.5604339770700215,-3.675594886138946,25.70382264733324
553,32.99895691578252,-3.5604339770700215,-3.675594886138946,25.762928052573507
554,33.025222022314246,-3.5622248124902267,-3.675594886138946,25.787402323685026
555,33.05016431570333,-3.5622248124902267,-3.675594886138946,25.812344617074107
556,33.08829638851346,-3.5622248124902267,-3.675594886138946,25.850476689884243
557,33.17858497497857,-3.5622248124902267,-3.696763814307071,25.919596348181226
558,33.23189992192283,-3.5622248124902267,-3.696763814307071,25.97291129512549
559,33.26564163494714,-3.5622248124902267,-3.704838696914315,25.998578125542547
560,33.29419848105575,-3.5622248124902267,-3.704838696914315,26.027134971651158
561,33.36783974243268,-3.5622248124902267,-3.7050463001370875,26.100568629805316
562,33.398283578209764,-3.5711986002411367,-3.7140200878879974,26.11306489008058
563,33.421395576602315,-3.5711986002411367,-3.714372000375154,26.135824975985976
564,33.44184396321455,-3.5711986002411367,-3.714372000375154,26.156273362598213
565,33.517024662357876,-3.5711986002411367,-3.7195677730563412,26.22625828906035
566,33.55538313510422,-3.5711986002411367,-3.7195677730563412,26.264616761806696
567,33.62341096392304,-3.5711986002411367,-3.7195677730563412,26.332644590625517
568,33.64350923860281,-3.5711986002411367,-3.7195677730563412,26.35274286530528
569,33.67815374987743,-3.5711986002411367,-3.7269626458330283,26.379992503803212
570,33.689650383110106,-3.5711986002411367,-3.7269626458330283,26.391489137035887
571,33.74414846474436,-3.6049678035476513,-3.7269626458330283,26.41221801536363
572,33.79125504816847,-3.6049678035476513,-3.7357428350585358,26.450544409562237
573,33.88329828824637,-3.6049678035476513,-3.7534977945909973,26.524832690107672
574,33.9128849156231,-3.6049678035476513,-3.757474638034727,26.550442474040672
575,33.9680507242235,-3.6049678035476513,-3.7663479423520814,26.596734978323717
576,34.01438154364565,-3.6049678035476513,-3.773374860571231,26.636038879526712
577,34.074740367430536,-3.6049678035476513,-3.7937085040838743,26.67606405979896
578,34.16106115477438,-3.6049678035476513,-3.8070271010696377,26.74906625015704
579,34.2183620709902,-3.6049678035476513,-3.8070271010696377,26.806367166372862
580,34.249227336057416,-3.6049678035476513,-3.8096230011468646,26.83463653136285
581,34.26571951840169,-3.6049678035476513,-3.8096230011468646,26.85112871370712
582,34.37099534411189,-3.6049678035476513,-3.8096230011468646,26.956404539417317
583,34.42411913641728,-3.6049678035476513,-3.8096230011468646,27.00952833172271
584,34.47359851450815,-3.607823146381248,-3.8096230011468646,27.056152366979976
585,34.52051464035662,-3.607823146381248,-3.8188127694391025,27.093878724536214
586,34.546172610600834,-3.623755467419468,-3.834745090477323,27.087672052703983
587,34.64624029742216,-3.623755467419468,-3.853194119829797,27.169290710172834
588,34.71868916663535,-3.623755467419468,-3.8553147144753868,27.23961898474043
589,34.80061818308143,-3.6266983471575,-3.8582575942134185,27.31566224171045
590,34.841051895697944,-3.6718713552827107,-3.8582575942134185,27.31092294620175
591,34.978851390280035,-3.6718713552827107,-3.8582575942134185,27.44872244078384
592,35.017972026221585,-3.693594433590373,-3.879980672521081,27.44439692011007
593,35.15261715290731,-3.693594433590373,-3.879980672521081,27.5790420467958
594,35.240541259506905,-3.693594433590373,-3.903635007056586,27.64331181885989
595,35.30391285068292,-3.693594433590373,-3.903635007056586,27.706683410035904
596,35.412952343263065,-3.693594433590373,-3.903635007056586,27.815722902616045
597,35.45094868957961,-3.693594433590373,-3.903635007056586,27.853719248932588
598,35.54662789440751,-3.693594433590373,-3.91742476985319,27.93560869096388
599,35.65891844635228,-3.693594433590373,-3.91742476985319,28.047899242908656
